FH_CORTE|FH_INFORMACION|NU_CTO|NU_CTE|CD_BANCO|CD_SUCURSAL|TP_CUENTA_CHEQUES|NU_CTA|CD_TARJETA|NU_BIN_TARJETA|NU_TARJETA|TP_TARJETA|CD_OFICINA_GESTORA|CD_SUBPRODUCTO|CD_VENCIMIENTO_TDC|CD_BANCO_CONTRATO|CD_OFICINA_CONTRATO|TP_CONTRATO|NU_CONTRATO|NU_CAJERO|NU_AFILIACION|CD_TERMINAL_OPERACION|CD_GIRO|CD_ADQUIRENTE|CD_OFICINA_CAJERO|TP_MENSAJE|CD_OPERACION|TP_CUENTA|TP_CUENTA_DESTINO|NU_REF_EGLOBAL|CD_RETORNO|CD_RAZON_RET|NU_OPERACION|FH_OPERACION|HM_HORA|IM_TRANSACCION|CD_MONEDA|IM_TRANSACCION_ORIGINAL|CD_MONEDA_ORIGINAL|IM_COMISION_TP_CAMBIO|IM_COMISION|FH_CONTABLE|NU_OPERACION_ORIGINAL|FH_OPERACION_ORIGINAL|HM_HORA_OPE_ORIGINAL|NU_TERMINAL_ORIGEN|CD_BANCO_ORIGEN|ST_OPERACION_4B|ST_OPER_EXTRANJERO|CD_RESOLUTOR_OPERACION|NU_REFER_AUTRZCN|NU_MOVIMIENTO|CD_CANAL|ST_CTRL_AUTORIZACION|ST_OP_APROB_TJ_BAJA|ST_SITUA_AUTORIZACION|ST_RESOLUCION_FINAL|TP_TAJETA_PA|TP_INDICADOR_OPERACION|ST_TP_DOMILICIACION|CD_PAIS_LETRA|NU_REMESA|CD_ID_ADQUIRIENTE|NB_COMERCIO|HR_REGISTRO_SISTEMA|TP_CTA_SEL_ORIGEN|TP_CTA_SEL_DESTINO|TP_POS_ENTRY_MODE1|TP_POS_ENTRY_MODE2|TP_CAVV|TP_LIBRE_5|TP_ECI|TP_CVV2|TP_RESPUESTA_CVV2|ST_EMV_TERM_CAPABILITY|IM_SALDO|IM_LIMITE|FH_ALTA_TARJETA|ST_RESTRICION_TARJETA|CD_POSTAL_COMERCIO|CD_PAIS|NB_ESTADO_CORTO|CD_DECISION_FALCON|NU_VERSION_TPV|NU_BLOCK_TPV|NU_OPERACION_RED6000|NB_DESCRIPCION|IX_CROSS_BORDER|FH_CARGA|TP_CARGO|NB_OPERACION|IX_REVERSO|IM_MONEDA_ORIGEN|IM_CAMBIO_MON_ORIG|IM_CAMBIO_MON_DIVI|FH_TIPO_CAMBIO|CD_DIVISA_TXN|IM_PTOS_ANTES_COMP|CT_PTOS_ANTES_COMP|IM_PESOS_PUNTOS|NU_PUNTOS_REDIMIDO|CD_CANAL_VNET|CD_POS_MODO_ENTRAD|CD_VALIDA_CVV3|CD_VALIDA_LYNX|CD_CAMP_ACTI_GARAN|CD_PTOS_OTOR_GARAN|CD_AVISOS_GARANTIA|CD_REFERENCIA_CAMP|CD_ASOCIACIO_TARJ|CD_TERMINAL_ADQU|CD_AUTORIZA_PENDIE|CD_LOCALIZA_TERMIN|CD_PRES_TARJHABIEN|CD_PRESENC_TARJETA|CD_CAPTURA_TARJETA|CD_STATUS|CD_SEGU_NIVEL_ADQ|CD_SCORE_EMISOR|CD_SCORE_ADQUIRENT|CD_CTA_COMPROMETID|CD_EVENTO_COMPROME|CD_PAN|CD_CTA_ABONO|CD_PAGO_ASIG_TERM|PC_PAGO|CD_SEGU_COMER_ELEC|CD_VERIFIC_TARJETA|CD_DIFERIMIENTO|CD_PARCILIZACION|TP_PLAN|TP_MULTIPAG_RECIBI|CD_CONVENIO|CD_REFERENCIA|NB_RAZON_SOCI_CONV|CD_GUIA_CIE_UDIS|CD_FOLIO_SUCURSAL|CD_REQ_REVERSO|CD_CONTA_TRANSACCI|CD_PAIS_TERMINAL|CD_MONEDA_EXT|FH_POSTEADA_ADQ|CD_TXN_FINANCIERA|TP_TERMINAL_EMV|CD_ENTRAD_PTO_SERV|CD_CAPACIDAD_TERMI|CD_TARJ_MISMO_PAN|CD_TXN_AUTOR_LINEA|CD_RESP_EMISOR|NB_AUTENT_EMISOR|FH_OPERACION_HORA|FH_TARJETA_ALTA|FH_TARJETA_SITUA|ST_FRAUDE|CD_CLIENTE|CD_SUCURSAL_CTO|CD_SUCURSAL_CTA|CD_RETENCION|ST_TARJETA|CD_CHIP
01/02/2017|24/02/2017||12|74|8137|27|12|4772140000000012|477214|12|TDC|5224|AP|AAMM|74|5224|73|8794920||74770||5734|VISA||1100|0|30|0|6691|0|0|432996485|23/02/2017|144248|139|MXP|139|MXP|0|0|23/02/2017|0|23/02/2017|0||GLOB|N|N|OBBV|470408|1247|TPV|N|||30|P|A|P|US||469216|ITUNES.COM/BILL            C0|23/02/2017 14:41|3||0|1|0|9|7|||0|14406.61|30000|25/03/2016|1|95014137&|US|||0|1|0|9|1|24/02/2017|ECOM|Compra||0|0|61000000|01/01/0001||0|0|0|0||||9||||17B23O||1|0|2|5|0|0|0|0|||||||||7||0|0|0||0|||0||||||0001-01-01|||||||||0001-01-01|0001-01-01|0001-01-01||24078314|5224|8137|||SI
01/03/2017|31/03/2017|15|15|74|3436|29|15|4152310000000015|415231|15||3436|VD|AAMM|74|31|44|17351613||4086762|720849|5411|C001||1200|0|20|0|97872|0|0|193108|30/03/2017|93628|45.9|MXP|45.9|MXP|0|0|30/03/2017|0|30/03/2017|0|849|GLOB|N|N|OBBV|109055|52|TPV|N|||20|P|D|N|MX||12|SUPER DEL NTE LUK          A8|30/03/2017 09:36|1||0|5||4|0|||8|859.6|0|10/02/2012|1|83177|MX|SO||0|0|110||0|31/03/2017|PRESENTE|Compra||0|0|0|01/01/0001||0|0|0|0||||4|N|||17C30J||0|0|0|0|0|0|0|0|||||||||0||0|0|0||0|||0||0|011B|484|484|30/03/2017|0|22|51|5|1||||0001-01-01|0001-01-01|0001-01-01||J5987335|31|3436|||SI
01/01/2017|10/01/2017|65|65|74|357|29|65|4152310000000065|415231|65||357|VD|AAMM|74|357|44|59299172|1474|14740000|||74|357|1200|1|20|0|0|0|0|6687|07/01/2017|115918|600|MXP|600|MXP|0|0|09/01/2017||07/01/2017|115918|1474|74|N|N|OBBV|560207|623|CAJE|N|||20|P|D|N|MX|||14740000|07/01/2017 11:59|1||0|5||||||5|53.63|0|14/04/2015|1|||||0|0|99|1|0|10/01/2017||Retiro cajero||0|0|0|01/01/0001||0|0|0|0||||||||||||||||||||||0|0|||0||0|0|0||0|||0||0|013B|484|484|07/01/2017|1|14|51|5|1||||0001-01-01|0001-01-01|0001-01-01|||||||
01/03/2017|14/03/2017|92|92|74|5774|29|92|4152310000000092|415231|92||5774|VD|AAMM|74|5774|44|40101531||6484224|0050YCT1|5499|C001||1200|0|20|99|413553|0|0|33144395|11/03/2017|10213|27|MXP|27|MXP|0|0|13/03/2017|0|11/03/2017|0|YCT1|GLOB|N|N|OBBV|767742|30|TPV|N|||20|P|D|N|MX||12|OXXO CENTRO                A8|11/03/2017 12:56|1||0|5||0|0|||8|51.2|0|22/12/2014|1|78000|MX|SL||0|0|110||0|14/03/2017|PRESENTE|Compra||0|0|0|01/01/0001||0|0|0|0||||4|N|||17C11B||0|0|0|0|0|0|0|0|||||||||0||0|0|0||0|||0||0|67|484|484|11/03/2017|0|22|51|5|1||||0001-01-01|0001-01-01|0001-01-01||B4473037|5774|5774|||SI
01/03/2017|28/03/2017|78|78|74|4687|1|78|4152310000000078|415231|78||4687|VD|AAMM|74|494|44|79117247||4987500||4121|VISA||1200|0|20|0|739539|0|0|503512106|25/03/2017|210318|90.08|MXP|90.08|MXP|0|0|27/03/2017|0|25/03/2017|0||GLOB|N|N|OBBV|93732|390|TPV|N|||20|P|D|N|NL||498750|UBER MX MAR25 USL          C1|25/03/2017 21:01|1||0|1|0|9|7|||1|363.32|0|01/08/2016|1|0|NL|||0|1|0||1|28/03/2017|ECOM|Compra||0|0|61000000|01/01/0001||0|0|0|0||||9||||17C25V||1|0|2|5|0|0|0|0|||||||||70||0|0|0||0|||0||||||0001-01-01|||||||||0001-01-01|0001-01-01|0001-01-01||B4196737|494|4687|||SI
01/04/2017|04/04/2017|85|85|74|453|15|85|4152310000000085|415231|85||453|VD|AAMM|74|453|44|3188765|9825|98250000|||74|6062|1200|1|20|0|0|0|0|7628|01/04/2017|93243|3000|MXP|3000|MXP|0|0|03/04/2017||01/04/2017|93243|9825|74|N|N|OBBV|970422|45|CAJE|N|||20|P|D|N|MX|||98250000|01/04/2017 09:32|1||0|5||||||5|52.37|0|19/10/2016|1|||||0|0|99|1|0|04/04/2017||DIS TJ DB CAJERO ONLINE(FINAN)||0|0|0|01/01/0001||0|0|0|0||||||||||||||||||||||0|0|||0||0|0|0||0|||0||0|40|484|484|01/04/2017|1|14|51|5|1||||0001-01-01|0001-01-01|0001-01-01||A3097387|453|453|||SI
01/01/2017|14/01/2017|32|32|74|3424|28|32|4152310000000032|415231|32||3424|VD|AAMM|74|3424|44|42921242||7261811|38360080|5411|C001||1200|0|20|0|68553|0|0|300195353|13/01/2017|163414|414|MXP|414|MXP|0|0|13/01/2017|0|13/01/2017|0|80|GLOB|N|N|OBBV|493727|133|TPV|N|||20|P|D|N|MX||12|SUPERAMA COPILCO           A8|13/01/2017 16:34|1||0|5||4|0|||8|13441.28|0|08/01/2015|1|4340|MX|DF||0|0|110||0|14/01/2017|PRESENTE|Compra||0|0|0|01/01/0001||0|0|0|0||||4|N|||17A13Q||0|0|0|0|0|0|0|0|||||||||0||0|0|0||0|||0||0|01F5|484|484|13/01/2017|0|22|51|5|1||||0001-01-01|0001-01-01|0001-01-01||B3402315|3424|3424|||SI
01/03/2017|25/03/2017|5|5|74|632|1|5|4152310000000005|415231|5||632|VD|AAMM|74|631|44|99729501|E467|584710000|||74|632|1200|1|20|0|0|0|0|7192|24/03/2017|150521|500|MXP|500|MXP|0|0|24/03/2017||24/03/2017|150521|E467|74|N|N|OBBV|611452|8212|CAJE|N|||20|P|D|N|MX|||584710000|24/03/2017 15:05|1||0|5||||||5|3812.31|0|07/10/2016|1|||||0|0|99|4|0|25/03/2017||Retiro cajero||0|0|0|01/01/0001||0|0|0|0||||||||||||||||||||||0|0|||0||0|0|0||0|||0||0|341|484|484|24/03/2017|1|14|51|5|1||||0001-01-01|0001-01-01|0001-01-01||94519734|631|632|||SI
01/12/2016|06/12/2016|70|70|74|61|28|70|4152310000000070|415231|70||61|VD|AAMM|74|4747|44|46436740||2579330||4121|VISA||1200|0|20|0|704361|0|0|133304050|05/12/2016|190309|29.16|MXP|29.16|MXP|0|0|05/12/2016|0|05/12/2016|0||GLOB|N|N|OBBV|211914|268|TPV|N|||20|P|D|N|NL||431328|UBER BV                    C0|05/12/2016 19:03|1||0|1||1|1|||0|2801.52|0|28/03/2016|1|0|NL|||0|1|0||1|06/12/2016|||||||||||||||||||||||||||||||||||||||||||||||||||||||||||||||||||||||
01/02/2017|21/02/2017|||4255|E766|DF|99|5515070000000099|551507|99||||AAMM|621||||A563|423390000|MMA563||74|6062|1200|1|20|0|5933|5|51|5933|19/02/2017|91404|934.22|MXP|934.22|MXP|4.72|34.22|20/02/2017|0|19/02/2017|0|A563|74|N|N|GLOB|0|0|CAJE||||P|A|A||MX||12|423390000|19/02/2017 09:14|3||0|5||||||5|0|0|01/01/0001|||MX|AG||0|0|0|1|0|21/02/2017||Retiro cajero||0|0|0|01/01/0001||0|0|0|0||||||||||||||||||||||3||||0||0|0|0||0|||0||0|408|25|13|0001-01-01|0|8|621||90|1508|||0001-01-01|0001-01-01|0001-01-01|||||||
01/12/2016|15/12/2016|13|13|74|7681|26|13|4152310000000013|415231|13||4426|VD|AAMM|74|5836|44|14866837|5570|55700000|||74|6062|1200|1|20|0|0|1|44|9171|14/12/2016|194026|8300|MXP|8300|MXP|0|0|14/12/2016||14/12/2016|194026|5570|74|N|N|OBBV||0|CAJE|N||||P|D|N|MX|||55700000|14/12/2016 19:40|1||0|5||||||5|8000|0|01/01/0001|1|||||0|0|99|1|0|15/12/2016|||||||||||||||||||||||||||||||||||||||||||||||||||||||||||||||||||||||
01/04/2017|11/04/2017|63|63|74|371|11|63|4152310000000063|415231|63||371|VD|AAMM|74|371|44|90499562||4401626|50UZY001|5499|C001||1200|0|20|99|434634|0|0|86761778|09/04/2017|133806|100|MXP|100|MXP|0|0|10/04/2017|0|09/04/2017|0|Y001|GLOB|N|N|OBBV|712054|28|TPV|N|||20|P|D|N|MX||12|OXXO MICHOACAN ME          A8|09/04/2017 13:36|1||0|5||0|0|||8|986.99|0|07/09/2016|1|8100|MX|DF||0|0|110||0|11/04/2017|PRESENTE|COMPRA DEBITO SIN FIRMA||0|0|0|01/01/0001||0|0|0|0||||4|N|||17D09N||0|0|0|0|0|0|0|0|||||||||0||0|0|0||0|||0||0|48|484|484|09/04/2017|0|22|51|5|1||||0001-01-01|0001-01-01|0001-01-01||J4576874|371|371|||SI
01/02/2017|28/02/2017|48|48|74|5021|1|48|4152310000000048|415231|48||5021|VD|AAMM|74|5021|66|88734693||4100510|95530003|5541|C001||1200|0|20|0|800135|0|0|501434499|25/02/2017|14344|714|MXP|714|MXP|0|0|27/02/2017|0|25/02/2017|0|3|GLOB|N|N|OBBV|552378|84|TPV|N|||20|P|D|N|MX||12|OXXO GAS PIEDRA G          A5|25/02/2017 13:43|1||0|5||4|0|||5|71943.67|0|08/07/2016|1|98693|MX|ZA||0|0|110||0|28/02/2017|PRESENTE|Compra||0|0|0|01/01/0001||0|0|0|0||||4|N|||17B25B||0|0|0|0|0|0|0|0|||||||||0||0|0|0||0|||0||0|79|484|484|25/02/2017|0|22|51|5|1||||0001-01-01|0001-01-01|0001-01-01||84652502|5021|5021|||SI
01/11/2016|19/11/2016|94|94|74|467|28|94|4152310000000094|415231|94||467|VD|AAMM|74|467|44|23166830|2083|20830000|||74|6062|1200|38|20|0|0|0|38|3706|18/11/2016|185735|0|MXP|0|MXP|0|0|18/11/2016||18/11/2016|185735|2083|74|N|N|OBBV||0|CAJE|N|||20|P|D|N|MX|||20830000|18/11/2016 18:57|1||9|0|||||||17022.46|0|01/11/2012|1|||||0|1|99|1|0|19/11/2016|||||||||||||||||||||||||||||||||||||||||||||||||||||||||||||||||||||||
01/04/2017|18/04/2017|52|52|74|5201|28|52|4772130000000052|477213|52|TDC|5201|AV|AAMM|74|5201|74|1447568||7191443|71914|4511|P003||1100|0|30|0|385792|0|0|718060703|17/04/2017|120151|6981|MXP|6981|MXP|0|0|17/04/2017|0|17/04/2017|0|71|GLOB|N|N|OBBV|500036|230|TPV|N|||30|P|A|P|MX||10034567901|VOLARIS ECOM MXN           C1|17/04/2017 13:01|3||0|1|0|9|7|||1|49222.88|109300|01/03/2017|4|1210|MX|0||0|1|0|57|0|18/04/2017|ECOM|COMPRA CREDITO ONLINE(AUTOR)||0|0|0|01/01/0001||0|0|0|0||||9||||17D17M||1|0|2|5|1|0|0|0|||||||||71||0|0|0||0|||0||||||0001-01-01|||||||||0001-01-01|0001-01-01|0001-01-01||60409199|5201|5201|||SI
01/01/2017|07/01/2017|14|14|74|3938|11|14|4152310000000014|415231|14||483|VD|AAMM|74|338|44|93668213|9762|97620000|||74|6062|1200|30|20|0|0|0|0|8992|06/01/2017|134415|0|MXP|0|MXP|0|0|06/01/2017||06/01/2017|134415|9762|74|N|N|OBBV|8992|0|CAJE|N|||20|P|D|N|MX|||97620000|06/01/2017 13:44|2||0|5||||||5|12077.84|0|03/09/2012|1|||||0|0|99|1|0|07/01/2017||Consulta-Saldo||0|0|0|01/01/0001||0|0|0|0||||||||||||||||||||||0||||0||0|0|0||0|||0||0|341|484|484|06/01/2017|30|14|51|5|1||||0001-01-01|0001-01-01|0001-01-01||A6403560|338|3938|||SI
01/02/2017|28/02/2017|26|26|74|5059|11|26|4152310000000026|415231|26||5059|VD|AAMM|74|5059|44|42494134|A905|432690000|||74|5202|1200|1|20|0|0|0|0|65|27/02/2017|142202|5000|MXP|5000|MXP|0|0|27/02/2017||27/02/2017|142202|A905|74|N|N|OBBV|263240|34|CAJE|N|||20|P|D|N|MX|||432690000|27/02/2017 14:22|2||0|5||||||5|17968.52|0|10/03/2016|1|||||0|0|99|1|0|28/02/2017||Retiro cajero||0|0|0|01/01/0001||0|0|0|0||||||||||||||||||||||0|0|||0||0|0|0||0|||0||0|9|484|484|27/02/2017|1|14|51|5|1||||0001-01-01|0001-01-01|0001-01-01||68696143|5059|5059|||SI
01/03/2017|28/03/2017|83|83|74|4124|26|83|4152310000000083|415231|83||4124|VD|AAMM|74|4124|44|21112591||303418|31541863|6211|VISA||1200|0|20|0|962703|1|51|707034462|27/03/2017|143609|3845.97|MXP|3845.97|MXP|0|0|27/03/2017|0|27/03/2017|0|1863|GLOB|N|N|OBBV||0|TPV|N|||20|P|D|N|CN||493808|MAS*Commodiusfx            C0|27/03/2017 14:34|1||0|1|0|9|7|||0|207.23|0|01/01/0001|1|0|CN|||0|1|0||1|28/03/2017|ECOM|Compra||0|0|51885280|01/01/0001||0|0|0|0||||9||||||1|0|2|5|0|0|0|0|||||||||71||0|0|0||0|||0||||||0001-01-01|||||||||0001-01-01|0001-01-01|0001-01-01||484829|4124|4124|||SI
01/02/2017|16/02/2017|61|61|74|3683|27|61|5546290000000061|554629|61|TDC|1018|UM|AAMM|74|1018|73|53395963||6917926|6917926|5967|C001||1100|0|30|0|140261|0|0|996125365|15/02/2017|180521|850|MXP|850|MXP|0|0|15/02/2017|0|15/02/2017|0|7926|GLOB|N|N|OBBV|605308|96|TPV|N|||30|P|A|P|MX||12|MERCADOPAGO MU12           C6|15/02/2017 18:05|3||0|1||8|1|||6|35736.18|106500|04/07/2014|1|11560|MX|DF||0|1|0|9|0|16/02/2017|MOTO|Compra||0|0|0|01/01/0001||0|0|0|0||||8|N|||17B15S||0|0|3|1|1|0|0|0|||||||||11||0|12|3||0|||0||||||0001-01-01|||||||||0001-01-01|0001-01-01|0001-01-01||2652918|1018|3683|||SI
01/04/2017|11/04/2017|0000003|0000003|74|3608|1|0000003|4152310000000003|415231|0000000003|?|3608|VD|AAMM|74|3608|44|74322209|?|4012702|0050DGA1|5499|C001|?|1200|0|20|99|940089|0|0|85543115|08/04/2017|55541|65.5|MXP|65.5|MXP|0|0|10/04/2017|0|08/04/2017|0|DGA1|GLOB|N|N|OBBV|180000|136|TPV|N|?|?|20|P|D|N|MX|?|12|OXXO NEZAHUALPILL          A8|08/04/2017 17:55|1|?|0|5|?|0|0|?|?|8|7210.30|0|15/07/2016|1|4610|MX|DF|?|0|0|110|?|0|11/04/2017|PRESENTE|COMPRA DEBITO SIN FIRMA|?|0|0|0|01/01/0001|?|0|0|0|0|?|?|?|4|N|?|?|17D08F|?|0|0|0|0|0|0|0|0|?|?|?|?|?|?|?|?|0|?|0|0|0|?|0|?|?|0|?|0|115|484|484|08/04/2017|0|22|51|5|1|?|?|?|0001-01-01|0001-01-01|0001-01-01|?|A9588964|3608|3608|?|?|SI
01/04/2017|11/04/2017|3|3|74|3608|1|3|4152310000000003|415231|3||3608|VD|AAMM|74|3608|44|74322209||4012702|0050DGA1|5499|C001||1200|0|20|99|940089|0|0|85543115|08/04/2017|55541|65.5|MXP|65.5|MXP|0|0|10/04/2017|0|08/04/2017|0|DGA1|GLOB|N|N|OBBV|180000|136|TPV|N|||20|P|D|N|MX||12|OXXO NEZAHUALPILL          A8|08/04/2017 17:55|1||0|5||0|0|||8|7210.3|0|15/07/2016|1|4610|MX|DF||0|0|110||0|11/04/2017|PRESENTE|COMPRA DEBITO SIN FIRMA||0|0|0|01/01/0001||0|0|0|0||||4|N|||17D08F||0|0|0|0|0|0|0|0|||||||||0||0|0|0||0|||0||0|115|484|484|08/04/2017|0|22|51|5|1||||0001-01-01|0001-01-01|0001-01-01||A9588964|3608|3608|||SI
01/04/2017|18/04/2017|47|47|74|3448|11|47|4152310000000047|415231|47||105||AAMM|74|105|44|33956457|VNET|5760001|MMMBAN||74|172|1200|69|20|97|5760|0|0|576|17/04/2017|74918|50|MXP|50|MXP|0|0|17/04/2017|0|17/04/2017|0|MBAN|74|N|N|GLOB||0|VNET||||P|P|A||MX||12|0|17/04/2017 07:49|3||||||||||8983.18|0|01/01/0001|||MX|1||0|0|0|1|0|18/04/2017||VENTA PEGASO BMOVIL||0|0|0|01/01/0001||0|0|0|0||||||||||||||||||||||0||||0||0|0|0||0|||0||||||0001-01-01|||||||||0001-01-01|0001-01-01|0001-01-01||20992642|105|3448|||SI
01/01/2017|18/01/2017|28|28|74|65|29|28|5546290000000028|554629|28|TDC|65|UM|AAMM|74|65|73|52640069||2579330|257933|4121|MAST||1100|0|30|0|22084|0|0|777779574|17/01/2017|91737|45.22|MXP|45.22|MXP|0|0|17/01/2017|0|17/01/2017|0|7933|GLOB|N|N|OBBV|967639|725|TPV|N|||30|P|A|P|NL||4688|UBER BV                    C6|17/01/2017 08:17|3||0|1||1|0|||6|171.63|39600|24/06/2014|1|1017 HL|NL|NLD||0|1|0|57|1|18/01/2017|CR|Compra||2.09|0|61000000|01/01/0001|840|0|0|0|0||||11||||17A17J||0|0|0|4|1|0|0|0|||||||||0||0|0|0||0|||0||||||0001-01-01|||||||||0001-01-01|0001-01-01|0001-01-01||A6814914|65|65|||SI
01/12/2016|20/12/2016|34|34|74|6549|11|34|4152310000000034|415231|34||6549|VD|AAMM|74|3613|44|61080953|5075|50750000|||74|5097|1200|1|20|0|0|0|0|1621|19/12/2016|55802|5000|MXP|5000|MXP|0|0|19/12/2016||19/12/2016|55802|5075|74|N|N|OBBV|495558|1786|CAJE|N|||20|P|D|N|MX|||50750000|19/12/2016 05:58|2||0|5||||||5|14886.41|0|15/04/2015|1|||||0|0|99|1|0|20/12/2016|||||||||||||||||||||||||||||||||||||||||||||||||||||||||||||||||||||||
01/03/2017|07/03/2017|1|1|74|105|12|1|4152310000000001|415231|1||105|VD|AAMM|74|3595|44|87188848||1806140|82630273|5541|B072||1200|0|20|0|802436|0|0|495337750|05/03/2017|122837|150|MXP|150|MXP|0|0|06/03/2017|0|05/03/2017|0|273|GLOB|N|N|OBBV|590667|53|TPV|N|||20|P|D|N|MX||10034567901|SERV GASA                  A8|05/03/2017 12:28|1||0|5||3|0|||8|546.82|0|26/08/2016|1|66450|MX|0||0|0|110||0|07/03/2017|PRESENTE|Compra||0|0|0|01/01/0001||0|0|0|0||||3||||17C05M||0|0|0|0|0|0|0|0|||||||||0||0|0|0||0|||0||0|00BC|484|484|05/03/2017|0|22|51|5|1|0|||0001-01-01|0001-01-01|0001-01-01||K3315262|3595|105|||SI
01/02/2017|08/02/2017|51|51|74|606|11|51|4101810000000051|410181|51|TDC|606|TP|AAMM|74|606|73|6724437||6594857|0050LHZ1|5499|C001||1100|28|30|0|64406|0|0|972059202|04/02/2017|135748|5000|MXP|5000|MXP|0|0|07/02/2017|0|04/02/2017|0|LHZ1|GLOB|N|N|OBBV|754097|0|TPV|N||||P|A|P|MX||12|OXXO LIENZO CHARR          C6|04/02/2017 15:57|3||0|1||4|0||||132985.15|134700|25/04/2014|2|22710|MX|BN||0|1|0||0|08/02/2017|DIGITADA|Pago TDC||0|0|0|01/01/0001||0|0|0|0||||4|N|||||0|0|0|0|1|0|0|0|||||||||0||0|0|0||0|||0||||||0001-01-01|||||||||0001-01-01|0001-01-01|0001-01-01||49081842|606|606|||SI
01/02/2017|08/02/2017|20|20|||||4152310000000020|415231|20||||AAMM|||||8373|83730000|||74|888|1200|30|0|99|0|0|0|7814|06/02/2017|113957|0||0|MXP|0|0|07/02/2017||06/02/2017|113957|8373|74|N|N|OBBV||0|CAJE|||||||||||E|06/02/2017 11:39|1||0|5||||||5|0|0|01/01/0001||||||0|0|0|1|0|08/02/2017||Consulta-Saldo||0|0|0|01/01/0001||0|0|0|0||||||||||||||||||||||0||||0||0|0|0||0|||0||||||0001-01-01|||||||||0001-01-01|0001-01-01|0001-01-01||33884001|888|888|||SI
01/12/2016|06/12/2016|39|39|74|3460|11|39|4152310000000039|415231|39||3460|VD|AAMM|74|3460|44|40078826|8933|89330000|||74|4644|1200|1|20|0|0|0|0|4866|05/12/2016|131716|200|MXP|200|MXP|0|0|05/12/2016||05/12/2016|131716|8933|74|N|N|OBBV|313025|54|CAJE|N|||20|P|D|N|MX|||89330000|05/12/2016 13:17|1||0|5||||||5|10.61|0|04/03/2016|1|||||0|0|99|1|0|06/12/2016|||||||||||||||||||||||||||||||||||||||||||||||||||||||||||||||||||||||
01/01/2017|10/01/2017|89|89|74|4463|27|89|5546290000000089|554629|89|TDC|5312|UM|AAMM|74|5312|73|64826585|5463|54630000|||74|4607|1200|30|30|0|0|0|0|3248|09/01/2017|152415|0|MXP|0|MXP|0|0|09/01/2017||09/01/2017|152415|5463|74|N|N|OBBV|3248|0|CAJE|N|||30|P|D|P|MX|||54630000|09/01/2017 15:24|3||0|5||||||5|63840.54|75000|15/01/2015|1|||||0|0|99|1|0|10/01/2017||Consulta-Saldo||0|0|0|01/01/0001||0|0|0|0||||||||||||||||||||||0||||0||0|0|0||0|||0||0|00B7|484|484|09/01/2017|1|14|51|5|1||||0001-01-01|0001-01-01|0001-01-01||95013912|5312|4463|||SI
01/02/2017|08/02/2017|7|7|74|332|14|7|4772910000000007|477291|7|TDC|332|AC|AAMM|74|332|73|14529858||2115624|2680002|5912|C001||1100|0|30|0|252934|0|0|219380918|05/02/2017|220034|222.83|MXP|222.83|MXP|0|0|07/02/2017|0|05/02/2017|0|2|GLOB|N|N|OBBV|455743|651|TPV|N|||30|P|A|P|MX||12|FARM GUADALAJARA           A8|05/02/2017 22:00|3||0|5||4|0|||8|7937.88|35100|06/01/2012|3|78216|MX|SL||0|0|110|57|0|08/02/2017|PRESENTE|Compra||0|0|0|01/01/0001||0|0|0|0||||4|N|||17B05W||0|0|0|0|0|0|0|0|||||||||0||0|0|0||0|||0||0|23|484|484|05/02/2017|0|22|51|5|1||||0001-01-01|0001-01-01|0001-01-01||65985067|332|332|||SI
01/02/2017|08/02/2017|45|45|74|5027|29|45|4152310000000045|415231|45||5027|VD|AAMM|74|5027|44|4339392||4702635|550001|5422|C001||1200|0|20|0|65744|0|0|500010004|07/02/2017|83048|49|MXP|49|MXP|0|0|07/02/2017|0|07/02/2017|0|1|GLOB|N|N|OBBV|274846|48|TPV|N|||20|P|D|N|MX||12|SUPER FASTI RIO T          A8|07/02/2017 08:30|1||0|5||7|0|||8|11020.26|0|20/10/2016|1|91069|MX|VE||0|0|110||0|08/02/2017|PRESENTE|Compra||0|0|0|01/01/0001||0|0|0|0||||17|N|||17B07I||0|0|0|0|0|0|0|0|||||||||0||0|0|0||0|||0||0|96|484|484|07/02/2017|0|22|51|5|1||||0001-01-01|0001-01-01|0001-01-01||A9510837|5027|5027|||SI
01/03/2017|10/03/2017|74|74|74|715|27|74|4152310000000074|415231|74||5685|VD|AAMM|74|5685|44|50546099|B308|458320000|||74|5011|1200|1|20|0|0|0|0|3352|09/03/2017|101405|500|MXP|500|MXP|0|0|09/03/2017||09/03/2017|101405|B308|74|N|N|OBBV|752538|2027|CAJE|N|||20|P|D|N|MX|||458320000|09/03/2017 10:14|1||0|5||||||5|115099.42|0|11/04/2016|1|||||0|0|99|1|0|10/03/2017||Retiro cajero||0|0|0|01/01/0001||0|0|0|0||||||||||||||||||||||0|0|||0||0|0|0||0|||0||0|00A6|484|484|09/03/2017|1|14|51|5|1||||0001-01-01|0001-01-01|0001-01-01||6010373|5685|715|||SI
01/01/2017|05/01/2017|22|22|74|5022|28|22|4152310000000022|415231|22||5022|VD|AAMM|74|5022|44|44327035|6020|60200000|||74|5022|1200|1|20|0|0|0|0|6487|04/01/2017|100432|3600|MXP|3600|MXP|0|0|04/01/2017||04/01/2017|100432|6020|74|N|N|OBBV|16762|485|CAJE|N|||20|P|D|N|MX|||60200000|04/01/2017 10:04|1||0|5||||||5|3091.23|0|20/01/2014|1|||||0|0|99|1|0|05/01/2017|||||||||||||||||||||||||||||||||||||||||||||||||||||||||||||||||||||||
01/01/2017|10/01/2017|29|29|74|3820|29|29|4772910000000029|477291|29|TDC|3767|AC|AAMM|74|3767|74|91405749||1111111|||VISA||1420|0|30|0|226846|0|0|23210787|10/01/2017|171203|238.05|MXP|238.05|MXP|0|0|10/01/2017|23210787|10/01/2017|171203||GLOB|N|N|OBBV|42127|260|TPV|N|||30|P|A|P|NL||498750|C|10/01/2017 18:51|3||0|1||0|0||||49302.45|71700|07/04/2015|1||NL|||0|1|0||1|10/01/2017|DUPLA|Compra|1|0|0|61000000|01/01/0001||0|0|0|0||||||||17A10R||||||||||||||||||0||0|0|0||0|||0||||||0001-01-01|||||||||0001-01-01|0001-01-01|0001-01-01||93184954|3767|3820|||SI
01/12/2016|14/12/2016|59|59|74|83|29|59|4772130000000059|477213|59|TDC|83|AV|AAMM|74|83|73|59650280||6660617|1|5399|C001||1100|0|30|0|252292|0|0|13052481|14/12/2016|30919|83.72|MXP|83.72|MXP|0|0|13/12/2016|0|14/12/2016|0|1|GLOB|N|N|OBBV|180280|361|TPV|N|||30|P|A|P|MX||12|PAYPAL MEXICO CR           C1|13/12/2016 20:09|3||0|1||2|0|||1|40457.32|39300|17/10/2014|1|6500|MX|DF||0|1|0|57|0|14/12/2016|||||||||||||||||||||||||||||||||||||||||||||||||||||||||||||||||||||||
01/12/2016|27/12/2016|18|18|74|5899|28|18|4152310000000018|415231|18||5899|VD|AAMM|74|5899|44|16973948|E570|587360000|||74|598|1300|10|20|98|0|0|0|9169|26/12/2016|83500|5000|MXP|5000|MXP|0|0|26/12/2016||26/12/2016|83500|E570|74|N|N|OBBV|870171|0|KIOS|N|||20|P|D|N||||587360000|26/12/2016 08:35|1||0|1|||||||7061.17|28760507.19|17/09/2014|1||||K|0|1|99|4|0|27/12/2016|||||||||||||||||||||||||||||||||||||||||||||||||||||||||||||||||||||||
01/12/2016|02/01/2017||38|||||38|0|38|||SM|AAMM|||||6588|65880000|||74|133|1300|1|20|0|0|0|0|2725|30/12/2016|203728|100||0|MXP|0|0|30/12/2016||30/12/2016|203728|6588|74|N|N|OBBV|30068|0|KIOS|||||P|D||||||30/12/2016 20:37|3||0|1|||||||0|0|01/01/0001|||||K|0|1|99|4|0|02/01/2017||Retiro cajero||0|0|0|01/01/0001||0|0|0|0||||||||||||||||||||||0||||0||0|0|0||0|||0||||||0001-01-01|||901|2|||||0001-01-01|0001-01-01|0001-01-01|||||||
01/01/2017|18/01/2017||68|74|4791|11|68|4152310000000068|415231|68||4791|VD|AAMM|74|31|44|28200305|4546|45460000|||74|31|1200|1|20|0|0|0|0|2714|17/01/2017|134604|1700|MXP|1700|MXP|0|0|17/01/2017||17/01/2017|134604|4546|74|N|N|OBBV|380537|26|CAJE|N||C|20|P|D|N|MX|||45460000|17/01/2017 13:46|2||0|5||||||5|62.42|0|12/01/2017|1|||||0|0|99|1|0|18/01/2017||Retiro cajero||0|0|0|01/01/0001||0|0|0|0||||||||||||||||||||||0|0|||0||0|0|0||0|||0||0|2|484|484|17/01/2017|1|14|51|5|1||||0001-01-01|0001-01-01|0001-01-01||J1808294|31|4791|||SI
01/02/2017|08/02/2017|36|36|74|406|29|36|4152310000000036|415231|36||406|VD|AAMM|74|1040|44|19551853||1014327|219572|5399|RBLP||1200|0|20|0|826085|0|0|680991582|05/02/2017|135934|20|MXP|20|MXP|0|0|07/02/2017|0|05/02/2017|0|72|GLOB|N|N|OBBV|769774|3|TPV|N|||20|P|D|N|MX||7|BLM                        A5|05/02/2017 13:59|1||0|5||4|0|||5|81.81|0|08/12/2016|1|5109|MX|0||0|0|110||0|08/02/2017|PRESENTE|Compra||0|0|0|01/01/0001||0|0|0|0||||4||||17B05N||0|0|0|0|0|0|0|2|||||||||0||0|0|0||0|||0||0|19|484|484|05/02/2017|0|22|51|5|1|0|||0001-01-01|0001-01-01|0001-01-01||A8094588|1040|406|||SI
01/12/2016|03/01/2017|17|17|74|305|29|17|4152310000000017|415231|17|||VD|AAMM|74|305|44|15758817|B488|462160000|||74|889|1200|30|20|31|0|1|23|818|31/12/2016|110523|0||0|MXP|0|0|02/01/2017||31/12/2016|110523|B488|74|N|N|||0|CAJE|N||||P|D||MX|||462160000|31/12/2016 11:05|1||0|5||||||5|0|0|01/01/0001||||||0|1|0|1|0|03/01/2017||Consulta-Saldo||0|0|0|01/01/0001||0|0|0|0||||||||||||||||||||||0||||0||0|0|0||0|||0||||||0001-01-01|||||||||0001-01-01|0001-01-01|0001-01-01||2720798|305|305|||SI
01/12/2016|20/12/2016|88|88|74|4689|28|88|4152310000000088|415231|88||4689|VD|AAMM|74|4689|44|99095418|3577|35770000|||74|4689|1200|1|20|0|0|0|0|7282|19/12/2016|200002|3000|MXP|3000|MXP|0|0|19/12/2016||19/12/2016|200002|3577|74|N|N|OBBV|517828|372|CAJE|N|||20|P|D|N|MX|||35770000|19/12/2016 20:00|1||0|5||||||5|33674.87|0|01/07/2014|1|||||0|0|99|1|0|20/12/2016|||||||||||||||||||||||||||||||||||||||||||||||||||||||||||||||||||||||
01/02/2017|17/02/2017||67|74|88|1|67|4152310000000067|415231|67||88|VD|AAMM|74|88|66|91453494||9269010|7887662|5812|B044||1200|0|20|0|456468|0|0|41219591|16/02/2017|194017|123.75|MXP|123.75|MXP|0|0|16/02/2017|0|16/02/2017|0|7662|GLOB|N|N|OBBV|913739|5|TPV|N|||20|P|D|N|MX||10034567901|EL ORUJO                   A8|16/02/2017 19:40|1||0|5||3|0|||8|3441.3|0|11/01/2017|1|6170|MX|0||0|0|110||0|17/02/2017|PRESENTE|Compra||0|0|0|01/01/0001||0|0|0|0||||3||||17B16T||0|0|0|0|0|1|0|2|||||||||0||0|0|0||0|||0||0|000B|484|484|16/02/2017|0|22|51|5|1||||0001-01-01|0001-01-01|0001-01-01||18404812|88|88|||SI
01/02/2017|10/02/2017|90|90|74|6601|15|90|4152310000000090|415231|90||6601|VD|AAMM|74|679|44|435354|5688|56880000|||74|613|1200|30|20|0|0|0|0|1221|09/02/2017|193706|0|MXP|0|MXP|0|0|09/02/2017||09/02/2017|193706|5688|74|N|N|OBBV|1221|0|CAJE|N|||20|P|D|N|MX|||56880000|09/02/2017 19:37|1||0|5||||||5|1250|0|11/10/2016|1||||K|0|0|99|4|0|10/02/2017||Consulta-Saldo||0|0|0|01/01/0001||0|0|0|0||||||||||||||||||||||0||||0||0|0|0||0|||0||0|000E|484|484|09/02/2017|1|14|51|5|1||||0001-01-01|0001-01-01|0001-01-01||J4378396|679|6601|||SI
01/04/2017|18/04/2017|8|8|74|845|15|8|4152310000000008|415231|8||5202|VD|AAMM|74|5202|56|40546405|9675|96750000|||74|6062|1200|1|20|0|0|0|0|9372|15/04/2017|140627|2000|MXP|2000|MXP|0|0|17/04/2017||15/04/2017|140627|9675|74|N|N|OBBV|351511|46|CAJE|N|||20|P|D|N|MX|||96750000|15/04/2017 14:06|1||0|5||||||5|2009.24|0|29/12/2016|1|||||0|0|99|1|0|18/04/2017||DIS TJ DB CAJERO ONLINE(FINAN)||0|0|0|01/01/0001||0|0|0|0||||||||||||||||||||||0|0|||0||0|0|0||0|||0||0|42|484|484|15/04/2017|1|14|51|5|1||||0001-01-01|0001-01-01|0001-01-01||A6395462|5202|845|||SI
01/04/2017|22/04/2017||10|74|3500|1|10|4152310000000010|415231|10||3500|VD|AAMM|74|3500|66|79372507||4987500||4121|VISA||1200|0|20|0|547648|0|0|120211320|21/04/2017|150845|605|MXP|605|MXP|0|0|21/04/2017|0|21/04/2017|0||GLOB|N|N|OBBV|735958|138|TPV|N|||20|P|D|N|NL||498750|UBER MX APR21 K2Y          C1|21/04/2017 15:07|1||0|1|0|9|7|||1|18894.74|0|08/09/2014|1|0|NL|||0|1|0||1|22/04/2017|ECOM|COMPRA DEBITO ONLINE(FINAN)||0|0|61000000|01/01/0001||0|0|0|0||||9||||17D21P||1|0|2|5|0|0|0|0|||||||||70||0|0|0||0|||0||||||0001-01-01|||||||||0001-01-01|0001-01-01|0001-01-01||17356777|3500|3500|||SI
01/04/2017|18/04/2017|60|60|74|5075|11|60|4152310000000060|415231|60||5075|VD|AAMM|74|5075|44|90811981||6762124|16830006|5411|C001||1200|9|20|0|977048|0|0|300218064|13/04/2017|142712|1405|MXP|1405|MXP|1140|0|17/04/2017|0|13/04/2017|0|6|GLOB|N|N|OBBV|742722|30|TPV|N|||20|P|D|N|MX||12|SUPERCENTER VICEN          A8|13/04/2017 14:27|1||0|5||4|0|||8|1407.77|0|07/09/2016|1|56600|MX|EM||0|0|110||0|18/04/2017|PRESENTE|CASH-BACK DEBITO||0|0|0|01/01/0001||0|0|0|0||||4|N|||||0|0|0|0|0|0|0|0|||||||||0||0|0|0||0|||0||0|32|484|484|13/04/2017|0|22|51|5|1||||0001-01-01|0001-01-01|0001-01-01||78543798|5075|5075|||SI
01/04/2017|26/04/2017|44|44|||||5358750000000044|535875|44|TCD||V1|AAMM|74|2163|72|30129739|D634|548360000|||74|497|1300|19|0|0|0|0|0|3331|25/04/2017|151320|950||950|MXP|0|0|25/04/2017||25/04/2017|151320|D634|74|N|N|OBBV|503789|0|KIOS|N||||P|D|||||548360000|25/04/2017 15:13|1||0|1|||||||-950|0|01/01/0001|||||K|0|1|0|4|0|26/04/2017||PAGO TDC EFECTIVO PRACTICAJA||0|0|0|01/01/0001||0|0|0|0||||||||||||||||||||||0||||0||0|0|0||0|||0||||||0001-01-01|||||||||0001-01-01|0001-01-01|0001-01-01|||||||
01/01/2017|01/02/2017|43|43|74|5455|15|43|4152310000000043|415231|43||5455|VD|AAMM|74|5455|56|40902759|A557|423270000|||74|6062|1200|90|20|0|0|0|0|6044|31/01/2017|151643|0|MXP|0|MXP|0|0|31/01/2017|6042|01/01/0001|0|A557|74|N|N|OBBV||0|CAJE|N|||20|P|D|N|MX|||423270000|31/01/2017 15:17|1||0|5|||||||0|0|17/01/2017|1|||||0|0|99|1|0|01/02/2017||Cambio - PIN||0|0|0|01/01/0001||0|0|0|0||||||||||||||||||||||0||||0||0|0|0||0|||0||0|4|484|484|31/01/2017|1|14|51|5|1||||0001-01-01|0001-01-01|0001-01-01||K3511051|5455|5455|||SI
01/04/2017|07/04/2017|87|87|74|438|15|87|4152310000000087|415231|87||438|VD|AAMM|74|404|44|44383758||6435309|0050KTD1|5499|C001||1200|9|20|0|614996|0|0|80493250|06/04/2017|114835|72|MXP|72|MXP|60|0|06/04/2017|0|06/04/2017|0|KTD1|GLOB|N|N|OBBV|637185|1|TPV|N||T|20|P|D|N|MX||12|OXXO CATEDRAL              A8|06/04/2017 11:50|1||0|5||4|0|||8|84.6|0|28/02/2017|1|44100|MX|JA||0|0|110||0|07/04/2017|PRESENTE|CASH-BACK DEBITO||0|0|0|01/01/0001||0|0|0|0||||4|N|||||0|0|0|0|0|0|0|0|||||||||0||0|0|0||0|||0||0|001E|484|484|06/04/2017|0|22|51|5|1||||0001-01-01|0001-01-01|0001-01-01||K3793517|404|438|||SI
01/04/2017|12/04/2017|23|23|74|4069|29|23|4152310000000023|415231|23||4069|VD|AAMM|74|4069|44|6388656||7503774|P0269455|5814|P003||1200|0|20|0|195315|0|0|287|11/04/2017|141726|99|MXP|99|MXP|0|0|11/04/2017|0|11/04/2017|0|9455|GLOB|N|N|OBBV|422224|1702|TPV|N|||20|P|D|N|MX||10034567901|BURGER KING FC             A5|11/04/2017 14:17|1||0|5||3|0|||5|39284|0|03/10/2012|1|96536|MX|30||0|0|110||0|12/04/2017|PRESENTE|COMPRA DEBITO ONLINE(FINAN)||0|0|0|01/01/0001||0|0|0|0||||3||||17D11O||0|0|0|0|0|0|0|2|||||||||0||0|0|0||0|||0||0|0AA4|484|484|11/04/2017|0|22|51|5|1||||0001-01-01|0001-01-01|0001-01-01||34226664|4069|4069|||SI
01/02/2017|14/02/2017|41|41|74|3612|11|41|4152310000000041|415231|41||3534|VD|AAMM|74|3656|44|86083732|D363|541150000|||74|71|1200|30|20|0|0|0|0|3047|13/02/2017|104502|0|MXP|0|MXP|0|0|13/02/2017||13/02/2017|104502|D363|74|N|N|OBBV|3047|0|CAJE|N|||20|P|D|N|MX|||541150000|13/02/2017 10:45|2||0|5||||||5|4431.97|0|23/08/2016|1||||K|0|0|99|4|0|14/02/2017||Consulta-Saldo||0|0|0|01/01/0001||0|0|0|0||||||||||||||||||||||0||||0||0|0|0||0|||0||0|00B3|484|484|13/02/2017|1|14|51|5|1||||0001-01-01|0001-01-01|0001-01-01||25711637|3656|3612|||SI
01/03/2017|01/04/2017|30|30|||||4152310000000030|415231|30|||VD|AAMM|74|5187|44|29341988|3292|32920000|||74|6062|1200|30|20|85|0|0|0|4751|31/03/2017|74519|0||0|MXP|0|0|31/03/2017||31/03/2017|74519|3292|74|N|N|OBBV||0|CAJE|||||P|D|||||32920000|31/03/2017 07:45|1||9|0||||||5|0|0|01/01/0001||||||0|0|99|1|0|01/04/2017||Consulta-Saldo||0|0|0|01/01/0001||0|0|0|0||||||||||||||||||||||0||||0||0|0|0||0|||0||||||0001-01-01|||901|5|||||0001-01-01|0001-01-01|0001-01-01|||||||
01/01/2017|17/01/2017|80|80|||||4152310000000080|415231|80||||AAMM|||||3598|35980000|||74|4685|1200|30|0|99|0|0|0|4138|14/01/2017|194817|0||0|MXP|0|0|16/01/2017||14/01/2017|194817|3598|74|N|N|OBBV||0|CAJE|||||||||||E|14/01/2017 19:48|1||0|5||||||5|0|0|01/01/0001||||||0|0|0|1|0|17/01/2017||Consulta-Saldo||0|0|0|01/01/0001||0|0|0|0||||||||||||||||||||||0||||0||0|0|0||0|||0||||||0001-01-01|||||||||0001-01-01|0001-01-01|0001-01-01||J0161600|371|80|||SI
01/12/2016|02/12/2016|||74|1277|1|100|4772910000000100|477291|100|TDC|1277|AC|AAMM|74|1277|73|10764798||4129839|GARANTIACRE|6300|C001||1100|0|30|0|985240|7|72|111102201|01/12/2016|92604|50|MXP|50|MXP|0|0|01/12/2016|0|01/12/2016|0|1|GLOB|N|N|OBBV||0|TPV|N|||30|P|A|P|MX||12|SEGBBVA BANCOMER           C1|01/12/2016 09:26|3||0|1||2|0|||1|20748.13|17700|01/01/0001|4|11000|MX|DF||0|1|0|9|0|02/12/2016|||||||||||||||||||||||||||||||||||||||||||||||||||||||||||||||||||||||
01/01/2017|12/01/2017|58|58|74|3883|12|58|4772130000000058|477213|58|TDC|3883|AV|AAMM|74|3883|73|61479132||7182312|7895676|5812|B044||1100|0|30|0|811765|0|0|81626079|11/01/2017|103522|656|MXP|656|MXP|0|0|11/01/2017|0|11/01/2017|0|5676|GLOB|N|N|OBBV|961370|483|TPV|N|||30|P|A|P|MX||10034567901|LA PARROQUIA COST          A8|11/01/2017 10:35|3||0|5||3|0|||8|6858.78|55800|12/11/2015|4|94294|MX|0||0|0|110|57|0|12/01/2017|PRESENTE|Compra||0|0|0|01/01/0001||0|0|0|0||||3||||17A11K||0|0|0|0|0|1|0|2|||||||||0||0|0|0||0|||0||0|015C|484|484|11/01/2017|0|22|51|5|1||||0001-01-01|0001-01-01|0001-01-01||49884446|3883|3883|||SI
01/12/2016|08/12/2016|49|49|74|1261|11|49|4152310000000049|415231|49||1261|VD|AAMM|74|5224|44|66788256||3788247|3450012|5411|RCMP||1200|0|20|0|625984|0|0|1001132|07/12/2016|102738|195.8|MXP|195.8|MXP|0|0|07/12/2016|0|07/12/2016|0|12|GLOB|N|N|OBBV|895951|31|TPV|N|||20|P|D|N|MX||7|MEGA NUEVO VALLAR          A8|07/12/2016 10:31|1||0|5||4|0|||8|83729.3|0|15/06/2016|1|63732|MX|0||0|0|110||0|08/12/2016|||||||||||||||||||||||||||||||||||||||||||||||||||||||||||||||||||||||
01/03/2017|22/03/2017|76|76|74|1227|1|76|4152310000000076|415231|76||1227|VD|AAMM|74|1227|66|89271603|C649|507610000|||74|1227|1200|1|20|0|0|0|0|2047|21/03/2017|143615|3000|MXP|3000|MXP|0|0|21/03/2017||21/03/2017|143615|C649|74|N|N|OBBV|85406|135|CAJE|N|||20|P|D|N|MX|||507610000|21/03/2017 14:36|1||0|5||||||5|27984.51|0|29/08/2016|1|||||0|0|99|1|0|22/03/2017||Retiro cajero||0|0|0|01/01/0001||0|0|0|0||||||||||||||||||||||0|1|||0||0|0|0||0|||0||0|22|484|484|21/03/2017|1|14|51|5|1||||0001-01-01|0001-01-01|0001-01-01||B7185546|1227|1227|||SI
01/01/2017|31/01/2017|62|62|74|3785|29|62|4152310000000062|415231|62||3785|VD|AAMM|74|3785|44|19494614||4520|124661|5621|VISA||1200|0|20|0|581749|0|0|922760878|29/01/2017|163005|1040.55|MXP|1040.55|MXP|0|0|30/01/2017|0|29/01/2017|0|4661|GLOB|N|N|OBBV|316903|483|TPV|N|||20|P|D|N|US||479262|VICTORIA'S SECRET          A5|29/01/2017 16:29|1||0|5||1|0|||5|8201.58|0|03/12/2013|1|10012389&|US|||0|0|110||1|31/01/2017|PRESENTE|Compra||0|0|52102120|01/01/0001||0|0|0|0||||11||||17A29Q||0|0|0|0|0|0|0|0|||||||||0||0|0|0||0|||0||0|021D|840|840|29/01/2017|0|0|51|5|1|1508|||0001-01-01|0001-01-01|0001-01-01||B1219350|3785|3785|||SI
01/12/2016|28/12/2016|||||||0|0||||SM|AAMM|||||6974|69740000|||74|5484|1300|1|0|16|0|0|0|6853|27/12/2016|102105|125||0|MXP|0|0|27/12/2016||27/12/2016|102105|6974|74|N|N|OBBV|83832|0|KIOS|||||P|D|||||7.42227E+017|27/12/2016 10:21|1||0|1|||||||0|0|01/01/0001|||||K|0|1|99|4|0|28/12/2016|||||||||||||||||||||||||||||||||||||||||||||||||||||||||||||||||||||||
01/01/2017|20/01/2017|||||||0|0||||SM||||||896|8960000|||74|5018|1300|1|0|3|0|0|0|39|19/01/2017|102624|125||0|MXP|0|0|19/01/2017||19/01/2017|102624|K896|74|N|N|OBBV|54501|0|KIOS|||||P|D|||||100V15163S031751C00C|19/01/2017 10:26|1||0|1|||||||0|0|01/01/0001|||||K|0|1|99|4|0|20/01/2017||Retiro cajero||0|0|0|01/01/0001||0|0|0|0||||||||||||||||||||||0||||0||0|0|0||0|||0||||||0001-01-01|||901|2|||||0001-01-01|0001-01-01|0001-01-01|||||||
01/01/2017|20/01/2017|||||4|98|0|0|0|||||||||D495|544210000|||74|4786|1300|75|0|54|0|0|0|9620|19/01/2017|102523|599||600|MXP|0|0|19/01/2017||19/01/2017|102523|D495|74|N|N|OBBV|50853|0|KIOS|||||P|D|||||22243189348         0035241|19/01/2017 10:25|1||0|1|||||||0|0|01/01/0001|||||K|0|1|99|1596056  4|0|20/01/2017||Pago servicio - ALMA||0|0|0|01/01/0001||0|0|0|0||||||||||||||||||||||0||||0||0|0|0||35241000|||0||||||0001-01-01|||||||||0001-01-01|0001-01-01|0001-01-01|||||||
01/12/2016|28/12/2016|35|35|74|531|29|35|4152310000000035|415231|35||531|VD|AAMM|74|531|44|30014188||7229842|P0076252|5712|B072||1200|0|20|0|749466|0|0|326|27/12/2016|161121|500|MXP|500|MXP|0|0|27/12/2016|0|27/12/2016|0|6252|GLOB|N|N|OBBV|804673|53|TPV|N|||20|P|D|N|MX||10034567901|MUEBL RUSTICOS LA          A5|27/12/2016 16:11|1||0|5||3|0|||5|3197.97|0|01/04/2013|1|71230|MX|20||0|0|110||0|28/12/2016|||||||||||||||||||||||||||||||||||||||||||||||||||||||||||||||||||||||
01/12/2016|29/12/2016|56|56|74|3697|28|56|5546290000000056|554629|56|TDC|3720|UM|AAMM|74|3697|74|25294518||7716166|7673|4814|B127||1100|0|30|0|296569|0|0|228190845|28/12/2016|190845|1977|MXP|1977|MXP|0|0|28/12/2016|0|28/12/2016|0|7673|GLOB|N|N|OBBV|619457|144|TPV|N|||30|P|A|P|MX||10034567901|TOTALPLAY MTP              C6|28/12/2016 19:08|3||0|1|0|9|7|||6|17415.46|37300|21/03/2014|1||MX|0||0|1|0|57|0|29/12/2016|||||||||||||||||||||||||||||||||||||||||||||||||||||||||||||||||||||||
01/01/2017|04/01/2017|82|82|74|5419|12|82|4152310000000082|415231|82||5419|VD|AAMM|74|4607|44|79384943|5944|59440000|||74|4607|1200|1|20|0|0|0|0|3247|03/01/2017|131910|8000|MXP|8000|MXP|0|0|03/01/2017||03/01/2017|131910|5944|74|N|N|OBBV|807031|1723|CAJE|N|||20|P|D|N|MX|||59440000|03/01/2017 13:19|2||0|5||||||5|1537|0|23/07/2015|1|||||0|0|99|1|0|04/01/2017|||||||||||||||||||||||||||||||||||||||||||||||||||||||||||||||||||||||
01/04/2017|11/04/2017|77|77|74|3734|11|77|4152310000000077|415231|77||511|VD|AAMM|74|511|44|97193570|A570|423520000|||74|4676|1200|1|20|0|0|0|0|6501|10/04/2017|71149|2500|MXP|2500|MXP|0|0|10/04/2017||10/04/2017|71149|A570|74|N|N|OBBV|24348|2537|CAJE|N|||20|P|D|N|MX|||423520000|10/04/2017 07:11|2||0|5||||||5|11595.15|0|14/09/2012|1|||||0|0|99|1|0|11/04/2017||DIS TJ DB CAJERO ONLINE(FINAN)||0|0|0|01/01/0001||0|0|0|0||||||||||||||||||||||0|0|||0||0|0|0||0|||0||0|025B|484|484|10/04/2017|1|14|51|5|1||||0001-01-01|0001-01-01|0001-01-01||25312021|511|3734|||SI
01/12/2016|24/12/2016|2|2|||||4152310000000002|415231|2||||AAMM|||||A273|415870000|||74|34|1200|30|0|99|0|0|0|6914|23/12/2016|64738|0||0|MXP|0|0|23/12/2016||23/12/2016|64738|A273|74|N|N|OBBV||0|CAJE|||||||||||A|23/12/2016 06:47|1||0|5||||||5|0|0|01/01/0001||||||0|0|0|1|0|24/12/2016|||||||||||||||||||||||||||||||||||||||||||||||||||||||||||||||||||||||
01/12/2016|09/12/2016|57|57|74|1092|11|57|4152310000000057|415231|57||1092|VD|AAMM|74|1092|44|80252206||4987500||4121|VISA||1200|0|20|0|34382|0|0|307511914|08/12/2016|13553|74.73|MXP|74.73|MXP|0|0|08/12/2016|0|08/12/2016|0||GLOB|N|N|OBBV|270448|100|TPV|N|||20|P|D|N|NL||498750|UBER MX DEC07 QOP          C1|08/12/2016 01:35|1||0|1|0|9|7|||1|2326.1|0|03/08/2016|1|0|NL|||0|1|0||1|09/12/2016|||||||||||||||||||||||||||||||||||||||||||||||||||||||||||||||||||||||
01/12/2016|14/12/2016|9|9|||||4772910000000009|477291|9|TDC|2200|AC|AAMM|74|2200|55|3365123||1040140|0|5651|RFEP||1100|0|30|0|177194|0|0|8655923|12/12/2016|121216|1196|MXP|1196|MXP|0|0|13/12/2016|0|12/12/2016|0|0|GLOB|N|N|OBBV|210264|100002261|TPV|N|||30|P|A|N|MX||7|H&M MX0013 GSERDA          A8|12/12/2016 12:12|3||0|5||4|0|||8|13809.51|419100|14/04/2016|4|72062|MX|0||0|0|110|57|0|14/12/2016|||||||||||||||||||||||||||||||||||||||||||||||||||||||||||||||||||||||
01/12/2016|02/12/2016|50|50|74|568|12|50|4152310000000050|415231|50||568|VD|AAMM|74|568|44|74341308|3877|38770000|||74|5027|1200|1|20|0|0|0|0|8523|01/12/2016|145723|5000|MXP|5000|MXP|0|0|01/12/2016||01/12/2016|145723|3877|74|N|N|OBBV|21795|1835|CAJE|N|||20|P|D|N|MX|||38770000|01/12/2016 14:57|2||0|5||||||5|12921.35|0|17/06/2015|1|||||0|0|99|1|0|02/12/2016|||||||||||||||||||||||||||||||||||||||||||||||||||||||||||||||||||||||
01/03/2017|31/03/2017|93|93|74|5609|28|93|4152310000000093|415231|93||5609|VD|AAMM|74|5609|44|37176537||7393899|14935210846|4899|B072||1200|0|20|0|257174|1|51|188592760|30/03/2017|154749|159|MXP|159|MXP|0|0|30/03/2017|0|30/03/2017|0|5210|GLOB|N|N|OBBV||0|TPV|N|||20|P|D|N|MX||10034567901|NETFLIX                    C2|30/03/2017 15:47|1||0|1||2|7|||2|137.21|0|01/01/0001|1|3800|MX|0||0|1|0||0|31/03/2017|CR|Compra||0|0|0|01/01/0001||0|0|0|0||||2||||||0|0|0|4|1|0|0|0|||||||||70||0|0|0||0|||0||||||0001-01-01|||||||||0001-01-01|0001-01-01|0001-01-01||B3652025|5609|5609|||SI
01/03/2017|28/03/2017|72|72|74|5870|11|72|4772130000000072|477213|72|TDC|2200|AV|AAMM|74|2200|55|8423415||4023575|33031601|5311|C001||1120|18|30|0|304394|0|0|421009369|24/03/2017|213322|607.04|MXP|607.04|MXP|0|0|27/03/2017|0|24/03/2017|0|1601|GLOB|N|N|GLOB|224608|100002564|TPV|N||||P|A|N|MX||12|BENAVI 330316 P A          A8|24/03/2017 21:42|3||0|5||4|0|||8|8825.18|66800|01/01/0001||89605|MX|TM||0|1|0||0|28/03/2017|PRESENTE|Compra puntos||0|0|0|01/01/0001||0|0|0|0||||4||||||0|0|0|0|0|0|0|0|||||||||0||0|0|0||0|||0||||||0001-01-01|||||||||0001-01-01|0001-01-01|0001-01-01|||||||
01/01/2017|17/01/2017|46|46|74|5206|11|46|4152310000000046|415231|46||5206|VD|AAMM|74|5206|44|31624859|C409|501850000|||74|533|1200|1|20|0|0|0|0|2549|16/01/2017|142217|5000|MXP|5000|MXP|0|0|16/01/2017||16/01/2017|142217|C409|74|N|N|OBBV|346804|73|CAJE|N|||20|P|D|N|MX|||501850000|16/01/2017 14:22|2||0|5||||||5|472133.26|0|08/02/2016|1|||||0|0|99|1|0|17/01/2017||Retiro cajero||0|0|0|01/01/0001||0|0|0|0||||||||||||||||||||||0|0|||0||0|0|0||0|||0||0|76|484|484|16/01/2017|1|14|51|5|1||||0001-01-01|0001-01-01|0001-01-01||B6118302|5206|5206|||SI
01/12/2016|22/12/2016|91|91|||||4152310000000091|415231|91||||AAMM|||||A404|419880000|||74|857|1200|30|0|66|0|0|0|994|21/12/2016|135413|0||0|MXP|0|0|21/12/2016||21/12/2016|135413|A404|74|N|N|OBBV||0|CAJE|||||||||||R|21/12/2016 13:54|1||0|5||||||5|0|0|01/01/0001||||||0|0|0|1|0|22/12/2016|||||||||||||||||||||||||||||||||||||||||||||||||||||||||||||||||||||||
01/02/2017|18/02/2017|11|11|74|3934|15|11|4152310000000011|415231|11||3934|VD|AAMM|74|3934|44|15086366|9141|91410000|||74|3934|1200|1|20|0|0|1|44|6011|17/02/2017|124951|8500|MXP|8500|MXP|0|0|17/02/2017||17/02/2017|124951|9141|74|N|N|OBBV||0|CAJE|N||||P|D|N|MX|||91410000|17/02/2017 12:49|1||0|5||||||5|8000|0|01/01/0001|1|||||0|0|99|1|0|18/02/2017||Retiro cajero||0|0|0|01/01/0001||0|0|0|0||||||||||||||||||||||0||||0||0|0|0|15|0|||0||0|6|484|484|17/02/2017|1|14|51|5|1||||0001-01-01|0001-01-01|0001-01-01||25995109|3934|3934|||SI
01/12/2016|27/12/2016|||220E|C6B2|16|96|4913440000000096|491344|96||||AAMM|221||||9470|94700000|MM9470||74|669|1200|1|20|0|8080|0|40|8080|24/12/2016|184037|2000|MXP|2000|MXP|0|0|26/12/2016|0|24/12/2016|0|9470|74|N|N|GLOB|264046|0|CAJE||||P|A|A||MX||12|94700000|24/12/2016 18:40|3||0|5||||||5|12070.43|0|01/01/0001|||MX|VE||0|0|0|1|0|27/12/2016|||||||||||||||||||||||||||||||||||||||||||||||||||||||||||||||||||||||
01/12/2016|20/12/2016|75|75|74|562|28|75|4152310000000075|415231|75|||VD|AAMM|74|562|56|23010352|3159|31590000|||74|3519|1200|30|20|31|0|1|23|8024|19/12/2016|103134|0||0|MXP|0|0|19/12/2016||19/12/2016|103134|3159|74|N|N|||0|CAJE|N||||P|D||MX|||31590000|19/12/2016 10:31|1||0|5||||||5|0|0|01/01/0001||||||0|1|0|1|0|20/12/2016|||||||||||||||||||||||||||||||||||||||||||||||||||||||||||||||||||||||
01/01/2017|10/01/2017|64|64|74|137|26|64|4152310000000064|415231|64||137|VD|AAMM|74|137|44|24309862|2527|25270000|||74|1292|1200|1|20|0|0|0|0|9856|08/01/2017|183442|2000|MXP|2000|MXP|0|0|09/01/2017||08/01/2017|183442|2527|74|N|N|OBBV|838919|502|CAJE|N|||20|P|D|N|MX|||25270000|08/01/2017 18:34|1||0|5||||||5|5457.95|0|23/10/2014|1|||||0|0|99|1|0|10/01/2017||Retiro cajero||0|0|0|01/01/0001||0|0|0|0||||||||||||||||||||||0|0|||0||0|0|0||0|||0||0|009D|484|484|08/01/2017|1|14|51|5|1||||0001-01-01|0001-01-01|0001-01-01|||||||
01/11/2016|23/11/2016|33|33|74|5856|11|33|4152310000000033|415231|33||5856|VD|AAMM|74|5856|44|59507916|4011|40110000|||74|5856|1200|10|20|98|0|1|44|979|22/11/2016|172643|9000|MXP|9000|MXP|0|0|22/11/2016||22/11/2016|172643|4011|74|N|N|OBBV||0|CAJE|N||||P|D|N|MX|||40110000|22/11/2016 17:26|1||9|0|||||||7500|0|01/01/0001|1|||||0|1|99|1|0|23/11/2016|||||||||||||||||||||||||||||||||||||||||||||||||||||||||||||||||||||||
01/02/2017|14/02/2017|40|40|74|5270|29|40|4772130000000040|477213|40|TDC|5270|AV|AAMM|74|5270|73|46372085||7968953|P1010956|5541|P003||1100|0|30|0|579423|0|0|630|11/02/2017|233022|300|MXP|300|MXP|0|0|13/02/2017|0|01/01/0001|0|956|GLOB|N|N|DBBV|927129|178|TPV|N|||30|P|A|P|MX||10034567901|GAS SERV KORIAN            A5|11/02/2017 23:30|3||0|5||3|0|||5|25496.93|75000|06/03/2014|1|34217|MX|10||0|0|0||0|14/02/2017|PRESENTE|Compra||0|0|0|01/01/0001||0|0|0|0||||3||||17B11X||0|0|0|0|0|0|0|2|||||||||0||0|0|0||0|||0||0|00F1|484|484|11/02/2017|0|22|51|5|1||||0001-01-01|0001-01-01|0001-01-01|||||||
01/04/2017|07/04/2017|55|55|74|5545|12|55|4152310000000055|415231|55||5545|VD|AAMM|74|5544|44|32395139|1127|11270000|||74|5540|1200|1|20|0|0|0|0|940|06/04/2017|155238|3100|MXP|3100|MXP|0|0|06/04/2017||06/04/2017|155238|1127|74|N|N|OBBV|966818|5117|CAJE|N|||20|P|D|N|MX|||11270000|06/04/2017 15:52|2||0|5||||||5|113279.71|0|23/01/2017|1|||||0|0|99|1|0|07/04/2017||DIS TJ DB CAJERO ONLINE(FINAN)||0|0|0|01/01/0001||0|0|0|0||||||||||||||||||||||0|0|||0||0|0|0||0|||0||0|00A4|484|484|06/04/2017|1|14|51|5|1||||0001-01-01|0001-01-01|0001-01-01||35890029|5544|5545|||SI
01/12/2016|29/12/2016|31|31|74|5882|14|31|4152310000000031|415231|31||5882|VD|AAMM|74|5882|56|28498841||4520698|50FOQ001|5499|C001||1200|0|20|99|652579|0|0|909796296|28/12/2016|12555|35|MXP|35|MXP|0|0|28/12/2016|0|28/12/2016|0|Q001|GLOB|N|N|OBBV|423811|31|TPV|N|||20|P|D|N|MX||12|OXXO EL CALVARIO           A8|28/12/2016 01:26|1||0|5||0|0|||8|63.99|0|06/08/2015|1|90250|MX|TL||0|0|110||0|29/12/2016|||||||||||||||||||||||||||||||||||||||||||||||||||||||||||||||||||||||
01/02/2017|21/02/2017|19|19|74|4455|1|19|4152310000000019|415231|19||4455|VD|AAMM|74|4455|44|51128347||7542164|P0511664|5814|B058||1200|0|20|0|394687|0|0|764|19/02/2017|125654|224.64|MXP|224.64|MXP|0|0|20/02/2017|0|19/02/2017|0|1664|GLOB|N|N|OBBV|510536|36|TPV|N|||20|P|D|N|MX||10034567901|MAR TORTAS Y HAMB          A5|19/02/2017 12:56|1||0|5||3|0|||5|1753.26|0|13/04/2016|1|31064|MX|0||0|0|110||0|21/02/2017|PRESENTE|Compra||0|0|0|01/01/0001||0|0|0|0||||3||||17B19M||0|0|0|0|0|0|0|2|||||||||0||0|0|0||0|||0||0|57|484|484|19/02/2017|0|22|51|5|1||||0001-01-01|0001-01-01|0001-01-01||B5895129|4455|4455|||SI
01/04/2017|08/04/2017|27|27|||||4152310000000027|415231|27||||AAMM|||||924|9240000|||74|6062|1200|30|0|99|0|0|0|3604|06/04/2017|222405|0||0|MXP|0|0|07/04/2017||06/04/2017|222405|K924|74|N|N|OBBV||0|CAJE|||||||||||E|06/04/2017 22:24|1||0|5||||||5|0|0|01/01/0001||||||0|0|0|1|0|08/04/2017||CONSULTA DE BENEFICIOS PRESTAM||0|0|0|01/01/0001||0|0|0|0||||||||||||||||||||||0||||0||0|0|0||0|||0||||||0001-01-01|||||||||0001-01-01|0001-01-01|0001-01-01||95840213|760|760|||SI
01/02/2017|21/02/2017|69|69|74|5419|27|69|4152310000000069|415231|69||5419|VD|AAMM|74|5419|44|29653490||8018911|7911783|5422|B044||1200|0|20|0|422646|1|51|21602979|19/02/2017|85824|44.52|MXP|44.52|MXP|0|0|20/02/2017|0|19/02/2017|0|1783|GLOB|N|N|OBBV||0|TPV|N|||20|P|D|N|MX||10034567901|ABARROTES VICMAR           A8|19/02/2017 09:58|1||0|5||3|0|||8|40.48|0|01/01/0001|1|33016|MX|0||0|0|110||0|21/02/2017|PRESENTE|Compra||0|0|0|01/01/0001||0|0|0|0||||3||||||0|0|0|0|0|1|0|2|||||||||0||0|0|0||0|||0||0|02AD|484|484|19/02/2017|0|22|51|5|1||||0001-01-01|0001-01-01|0001-01-01||5768943|5419|5419|||SI
01/04/2017|12/04/2017|4|4|74|5954|11|4|4152310000000004|415231|4||311|VD|AAMM|74|311|44|29663074|E917|596710000|||74|6062|1200|1|20|0|0|0|0|6968|11/04/2017|94532|1500|MXP|1500|MXP|0|0|11/04/2017||11/04/2017|94532|E917|74|N|N|OBBV|27957|3923|CAJE|N|||20|P|D|N|MX|||596710000|11/04/2017 09:45|2||0|5||||||5|222080.32|0|16/01/2017|1||||R|0|0|99|3|0|12/04/2017||DIS TJ DB CAJERO ONLINE(FINAN)||0|0|0|01/01/0001||0|0|0|0||||||||||||||||||||||0|0|||0||0|0|0||0|||0||0|001F|484|484|11/04/2017|1|14|51|5|1||||0001-01-01|0001-01-01|0001-01-01||21483480|311|5954|||SI
01/04/2017|04/04/2017|||||||1111110000000097|111111|97||||AAMM||||||4647590|320001|5912|C001||1200|92|0|0|410350|0|0|224702244|02/04/2017|224009|0|MXP|0|MXP|0|0|03/04/2017|0|02/04/2017|0|1|GLOB|N|N|OBBV||0|TPV|||||P|D||MX||12|C8|02/04/2017 22:45|||0|1||4|0|||8|0|0|01/01/0001||20000|MX|AG||0|0|99||0|04/04/2017|DIGITADA|INICIALIZACION LLAVES PINPAD||0|0|0|01/01/0001||0|0|0|0||||4|N|||||0|0|0|0|1|0|0|0|||||||||0||0|0|0||0|||0||||||0001-01-01|||||||||0001-01-01|0001-01-01|0001-01-01|||||||
01/04/2017|21/04/2017||53|74|3737|14|53|4772130000000053|477213|53|TDC|4678|AV|AAMM|74|4678|73|7135055||4987500||4121|VISA||1100|0|30|0|257976|0|0|100526425|20/04/2017|190421|82.53|MXP|82.53|MXP|0|0|20/04/2017|0|20/04/2017|0||GLOB|N|N|OBBV|160786|18|TPV|N|||30|P|A|P|NL||498750|UBER APR20 QOIUE           C1|20/04/2017 19:03|3||0|1||1|0|||1|16214.71|68600|13/02/2017|1|0|NL|||0|1|0|109|1|21/04/2017|CR|COMPRA CREDITO ONLINE(AUTOR)||0|0|61000000|01/01/0001||0|0|0|0||||11||||17D20T||0|0|0|0|0|0|0|0|||||||||0||0|0|0||0|||0||||||0001-01-01|||||||||0001-01-01|0001-01-01|0001-01-01||97953493|4678|3737|||SI
01/01/2017|19/01/2017|73|73|74|5193|1|73|4152310000000073|415231|73||5193|VD|AAMM|74|5193|66|71559349||6665053|19920091|5411|C001||1200|0|20|0|210531|0|0|900070076|18/01/2017|182216|153.1|MXP|153.1|MXP|0|0|18/01/2017|0|18/01/2017|0|91|GLOB|N|N|OBBV|453598|694|TPV|N|||20|P|D|N|MX||12|BOD AUR EXP COLIN          A8|18/01/2017 18:22|1||0|5||4|0|||8|5412.75|0|22/03/2013|1|67269|MX|NL||0|0|110||0|19/01/2017|PRESENTE|Compra||0|0|0|01/01/0001||0|0|0|0||||4|N|||17A18S||0|0|0|0|0|0|0|0|||||||||0||0|0|0||0|||0||0|03FB|484|484|18/01/2017|0|22|51|5|1||||0001-01-01|0001-01-01|0001-01-01||65770124|5193|5193|||SI
01/12/2016|02/01/2017|42|42|74|5256|15|42|4152310000000042|415231|42||5256|VD|AAMM|74|701|44|443764||4594198|0050BIY1|5499|C001||1200|0|20|99|631150|0|0|911368129|29/12/2016|93843|11|MXP|11|MXP|0|0|29/12/2016|0|29/12/2016|0|BIY1|GLOB|N|N|OBBV|884127|1|TPV|N||T|20|P|D|N|MX||12|OXXO EJID LO ARAD          A8|29/12/2016 09:38|1||0|5||0|0|||8|945.34|0|11/10/2016|1|87560|MX|TM||0|0|0||0|02/01/2017|PRESENTE|Compra||0|0|0|01/01/0001||0|0|0|0||||4|N|||16L29J||0|0|0|0|0|0|0|0|||||||||0||0|0|0||0|||0||0|2|484|484|29/12/2016|0|22|51|5|1||||0001-01-01|0001-01-01|0001-01-01||K3423042|701|5256|||SI
01/01/2017|05/01/2017|25|25|74|5052|11|25|4152310000000025|415231|25||5052|VD|AAMM|74|5052|44|53492151||4029169|0050GMJ1|5499|C001||1200|28|20|0|711858|0|0|921266272|04/01/2017|104953|2000|MXP|2000|MXP|0|0|04/01/2017|0|04/01/2017|0|GMJ1|GLOB|N|N|OBBV|767600|0|TPV|N||||P|D|N|MX||12|OXXOSAN ADRIAN MX          C6|04/01/2017 12:49|1||0|1||4|0||||511.46|0|20/04/2016|1|21259|MX|BN||0|1|0||0|05/01/2017|||||||||||||||||||||||||||||||||||||||||||||||||||||||||||||||||||||||
01/04/2017|29/04/2017|71|71|74|386|14|71|4152310000000071|415231|71||386|VD|AAMM|74|252|44|49599071|E881|595210000|||74|6062|1200|1|20|0|0|0|0|1101|28/04/2017|163102|100|MXP|100|MXP|0|0|28/04/2017||28/04/2017|163102|E881|74|N|N|OBBV|28329|1046|CAJE|N|||20|P|D|N|MX|||595210000|28/04/2017 16:31|1||0|5||||||5|5186.43|0|07/04/2016|1||||R|0|0|99|3|0|29/04/2017||DIS TJ DB CAJERO ONLINE(FINAN)||0|0|0|01/01/0001||0|0|0|0||||||||||||||||||||||0||||0||0|0|0||0|||0||0|382|484|484|28/04/2017|1|14|51|5|1||||0001-01-01|0001-01-01|0001-01-01||K0616640|252|386|||SI
01/12/2016|24/12/2016|54|54|||||4152310000000054|415231|54||||AAMM|||||B655|466770000|||74|6062|1210|30|0|95|0|0|0|3897|23/12/2016|73621|0||0|MXP|0|0|23/12/2016||23/12/2016|73621|B655|74|N|N|OBBV||0|CAJE|||||||||||E|23/12/2016 07:36|1||0|5||||||5|0|0|01/01/0001||||||0|0|0|1|0|24/12/2016|||||||||||||||||||||||||||||||||||||||||||||||||||||||||||||||||||||||
01/04/2017|26/04/2017|16|16|74|5804|11|16|4152310000000016|415231|16||5813|VD|0|74|5813|44|3548408|9849|98490000|||74|6062|1200|1|40|0|0|0|0|6819|24/04/2017|220542|500||500|MXP|0|0|25/04/2017||24/04/2017|220542|9849|74|N|N|OBBV|281989|3137|CAJE||||20|P|D|||||98490000|24/04/2017 22:05|3||9|0||||||5|3601.5|0|01/01/0001||||||0|0|99|1|0|26/04/2017||RETIRO DINERO MOVIL||0|0|0|01/01/0001||0|0|0|0||||||||||||||||||||||0||||0||0|0|0||0|||0||||||0001-01-01|||901|5|||||0001-01-01|0001-01-01|0001-01-01|||||||
01/11/2016|19/11/2016|66|66|74|603|28|66|4152310000000066|415231|66||603|VD|AAMM|74|676|44|63860916||7747130|81063170|5814|B072||1200|0|20|0|222176|0|0|229179239|18/11/2016|133708|103|MXP|103|MXP|0|0|18/11/2016|0|18/11/2016|0|3170|GLOB|N|N|OBBV|675303|72|TPV|N|||20|P|D|N|MX||10034567901|LA TORTA PLAZA I           A8|18/11/2016 13:37|1||0|5||3|0|||8|8482.18|0|07/06/2016|1|22014|MX|0||0|0|110||0|19/11/2016|||||||||||||||||||||||||||||||||||||||||||||||||||||||||||||||||||||||
01/12/2016|06/12/2016|79|79|74|6575|12|79|4152310000000079|415231|79||6575|VD|AAMM|74|6575|44|87745256|C325|499570000|||74|5253|1200|1|20|0|0|0|0|6901|05/12/2016|133122|4000|MXP|4000|MXP|0|0|05/12/2016||05/12/2016|133122|C325|74|N|N|OBBV|395108|1620|CAJE|N|||20|P|D|N|MX|||499570000|05/12/2016 13:31|2||0|5||||||5|65099.18|0|03/09/2015|1|||||0|0|99|1|0|06/12/2016|||||||||||||||||||||||||||||||||||||||||||||||||||||||||||||||||||||||
01/04/2017|08/04/2017||86|74|5359|15|86|4152310000000086|415231|86||5359|VD|AAMM|74|5359|44|20125797|1539|15390000|||74|6062|1200|1|20|0|0|1|51|2391|07/04/2017|200614|300|MXP|300|MXP|0|0|07/04/2017||07/04/2017|200614|1539|74|N|N|OBBV||0|CAJE|N|||20|P|D|N|MX|||15390000|07/04/2017 20:06|1||0|5||||||5|0|0|01/01/0001|1|||||0|0|99|1|0|08/04/2017||DIS TJ DB CAJERO ONLINE(FINAN)||0|0|0|01/01/0001||0|0|0|0||||||||||||||||||||||0|0|||0||0|0|0||0|||0||0|6|484|484|07/04/2017|1|14|51|5|1||||0001-01-01|0001-01-01|0001-01-01||50742705|5359|5359|||SI
01/03/2017|25/03/2017|6|6|74|5133|29|6|4152310000000006|415231|6||5133|VD|AAMM|74|4762|44|11438109||5848593|13|5411|C001||1200|9|20|0|131686|0|0|736014812|24/03/2017|192927|1106|MXP|1106|MXP|1000|0|24/03/2017|0|24/03/2017|0|13|GLOB|N|N|OBBV|790850|106|TPV|N|||20|P|D|N|MX||12|CHEDRAUI P CARMEN          A8|24/03/2017 18:26|1||0|5||4|0|||8|14744.25|0|03/12/2015|1|77710|MX|QR||0|0|110||0|25/03/2017|PRESENTE|Cash-Back||0|0|0|01/01/0001||0|0|0|0||||4|N|||||0|0|0|0|0|0|0|0|||||||||0||0|0|0||0|||0||0|01B1|484|484|24/03/2017|0|22|51|5|1||||0001-01-01|0001-01-01|0001-01-01||J6747309|4762|5133|||SI
01/12/2016|20/12/2016|21|21|74|6651|4|21|4555130000000021|455513|21|TDC|433|CV|AAMM|74|433|75|1641711||6261259|1|4784|C001||1100|0|30|0|52536|0|0|2896385|17/12/2016|102750|128|MXP|128|MXP|0|0|19/12/2016|0|17/12/2016|0|1|GLOB|N|N|OBBV|295125|102393|TPV|N|||30|P|A|P|MX||12|IDMX ZAPOTLANEJO           C1|17/12/2016 10:25|3||0|1||A|0|||1|2046386|2633000|30/01/2015|1|44300|MX|JA||0|1|0|241|0|20/12/2016|||||||||||||||||||||||||||||||||||||||||||||||||||||||||||||||||||||||
01/01/2017|10/01/2017|81|81|74|3470|11|81|4101800000000081|410180|81|TDC|5038|TE|AAMM|74|367|74|31324999||299552|38520015|5411|C001||1100|0|30|0|433397|0|0|800760245|08/01/2017|110529|828.34|MXP|828.34|MXP|0|0|09/01/2017|0|08/01/2017|0|15|GLOB|N|N|OBBV|971883|345|TPV|N|||30|P|A|P|MX||12|WAL MART PLATEROS          A8|08/01/2017 11:05|3||0|5||4|0|||8|-526.2|146700|15/04/2016|4|1480|MX|DF||0|0|110|57|0|10/01/2017|PRESENTE|Compra||0|0|0|01/01/0001||0|0|0|0||||4|N|||||0|0|0|0|0|0|0|0|||||||||0||0|0|0||0|||0||0|008B|484|484|08/01/2017|0|22|51|5|1||||0001-01-01|0001-01-01|0001-01-01|||||||
01/01/2017|28/01/2017|37|37|||||4152310000000037|415231|37||||AAMM|||||D850|553760000|||74|3688|1200|30|0|99|0|0|0|5592|27/01/2017|115414|0||0|MXP|0|0|27/01/2017||27/01/2017|115414|D850|74|N|N|OBBV||0|CAJE|||||||||||E|27/01/2017 11:54|1||9|0||||||2|0|0|01/01/0001|||||K|0|0|0|4|0|28/01/2017||Consulta-Saldo||0|0|0|01/01/0001||0|0|0|0||||||||||||||||||||||0||||0||0|0|0||0|||0||||||0001-01-01|||901|2|||||0001-01-01|0001-01-01|0001-01-01||83912392|3688|3688|||SI
01/04/2017|05/04/2017|24|24|||||5358750000000024|535875|24|TCD||V1|AAMM|74|2849|72|36608798|6686|66860000|||74|1010|1300|19|0|0|0|0|0|7276|04/04/2017|111312|4000||4000|MXP|0|0|04/04/2017||04/04/2017|111312|6686|74|N|N|OBBV|598533|0|KIOS|N||||P|D|||||66860000|04/04/2017 11:13|1||0|1|||||||-4000|0|01/01/0001|||||K|0|1|0|4|0|05/04/2017||PAGO TDC EFECTIVO PRACTICAJA||0|0|0|01/01/0001||0|0|0|0||||||||||||||||||||||0||||0||0|0|0||0|||0||||||0001-01-01|||||||||0001-01-01|0001-01-01|0001-01-01|||||||
